{"cameraMode":{"drawMode":0,"name":"Shaded","section":"Shading Mode"},"sceneLighting":true,"audioPlay":false,"sceneViewState":{"m_AlwaysRefresh":false,"showFog":true,"showSkybox":true,"showFlares":true,"showImageEffects":true,"showParticleSystems":true,"showVisualEffectGraphs":true,"m_FxEnabled":true},"in2DMode":false,"pivot":{"x":7.705262184143066,"y":2.868748188018799,"z":39.12194061279297},"rotation":{"x":-0.002211641753092408,"y":-0.20573736727237702,"z":0.0015359690878540278,"w":0.9790444374084473},"size":13.417244911193848,"orthographic":false}